{
  "windows": 6,
  "d_k": [
    0.14,
    0.12,
    0.175,
    0.135,
    0.135,
    0.145
  ],
  "mean": 0.14166666666666666,
  "variance": 0.0003366666666666665
}