{
  "n_nodes": 64,
  "n_edges": 62,
  "in_degree": {
    "1": 0,
    "2": 0,
    "3": 0,
    "4": 1,
    "5": 1,
    "6": 1,
    "7": 1,
    "8": 1,
    "9": 1,
    "10": 1,
    "11": 1,
    "12": 1,
    "13": 1,
    "14": 2,
    "15": 1,
    "16": 0,
    "17": 1,
    "18": 1,
    "19": 1,
    "20": 1,
    "21": 1,
    "22": 0,
    "23": 2,
    "24": 1,
    "25": 2,
    "26": 1,
    "27": 1,
    "28": 1,
    "29": 0,
    "30": 1,
    "31": 1,
    "32": 2,
    "33": 1,
    "34": 1,
    "35": 1,
    "36": 1,
    "37": 1,
    "38": 1,
    "39": 1,
    "40": 1,
    "41": 1,
    "42": 1,
    "43": 1,
    "44": 1,
    "45": 1,
    "46": 1,
    "47": 1,
    "48": 1,
    "49": 1,
    "50": 1,
    "51": 1,
    "52": 1,
    "53": 1,
    "54": 1,
    "55": 1,
    "56": 1,
    "57": 1,
    "58": 1,
    "59": 1,
    "60": 1,
    "61": 1,
    "62": 1,
    "63": 1,
    "64": 1
  },
  "out_degree": {
    "1": 1,
    "2": 1,
    "3": 1,
    "4": 1,
    "5": 1,
    "6": 1,
    "7": 1,
    "8": 1,
    "9": 1,
    "10": 1,
    "11": 1,
    "12": 1,
    "13": 1,
    "14": 1,
    "15": 0,
    "16": 1,
    "17": 1,
    "18": 1,
    "19": 1,
    "20": 1,
    "21": 1,
    "22": 1,
    "23": 1,
    "24": 1,
    "25": 1,
    "26": 1,
    "27": 1,
    "28": 1,
    "29": 1,
    "30": 1,
    "31": 1,
    "32": 1,
    "33": 1,
    "34": 1,
    "35": 1,
    "36": 1,
    "37": 1,
    "38": 1,
    "39": 1,
    "40": 1,
    "41": 1,
    "42": 1,
    "43": 1,
    "44": 1,
    "45": 1,
    "46": 1,
    "47": 1,
    "48": 1,
    "49": 1,
    "50": 1,
    "51": 1,
    "52": 1,
    "53": 1,
    "54": 1,
    "55": 1,
    "56": 1,
    "57": 2,
    "58": 0,
    "59": 1,
    "60": 1,
    "61": 1,
    "62": 1,
    "63": 1,
    "64": 0
  },
  "causal_gaps": [
    {
      "id": 3,
      "event": "林远亭坐在沙发上",
      "in_degree": 0,
      "reasoning": "节点 '林远亭坐在沙发上' 入度为0（无前因事件指向它），但它是人物行为而非外部事件——可能是因果跳跃"
    },
    {
      "id": 16,
      "event": "陆知微出站",
      "in_degree": 0,
      "reasoning": "节点 '陆知微出站' 入度为0（无前因事件指向它），但它是人物行为而非外部事件——可能是因果跳跃"
    },
    {
      "id": 22,
      "event": "听周董音乐",
      "in_degree": 0,
      "reasoning": "节点 '听周董音乐' 入度为0（无前因事件指向它），但它是人物行为而非外部事件——可能是因果跳跃"
    },
    {
      "id": 29,
      "event": "林远亭望见身影",
      "in_degree": 0,
      "reasoning": "节点 '林远亭望见身影' 入度为0（无前因事件指向它），但它是人物行为而非外部事件——可能是因果跳跃"
    }
  ],
  "avg_in_degree": 0.96875,
  "density": 0.015376984126984126
}