{
  "n_nodes": 43,
  "n_edges": 40,
  "in_degree": {
    "1": 0,
    "2": 1,
    "3": 1,
    "4": 0,
    "5": 1,
    "6": 1,
    "7": 1,
    "8": 1,
    "9": 1,
    "10": 0,
    "11": 1,
    "12": 1,
    "13": 1,
    "14": 1,
    "15": 1,
    "16": 1,
    "17": 1,
    "18": 1,
    "19": 1,
    "20": 1,
    "21": 1,
    "22": 1,
    "23": 1,
    "24": 1,
    "25": 1,
    "26": 1,
    "27": 1,
    "28": 1,
    "29": 1,
    "30": 1,
    "31": 1,
    "32": 1,
    "33": 1,
    "34": 1,
    "35": 1,
    "36": 1,
    "37": 1,
    "38": 1,
    "39": 1,
    "40": 1,
    "41": 1,
    "42": 1,
    "43": 1
  },
  "out_degree": {
    "1": 1,
    "2": 1,
    "3": 0,
    "4": 1,
    "5": 1,
    "6": 1,
    "7": 1,
    "8": 1,
    "9": 0,
    "10": 1,
    "11": 1,
    "12": 1,
    "13": 1,
    "14": 1,
    "15": 1,
    "16": 1,
    "17": 1,
    "18": 1,
    "19": 1,
    "20": 1,
    "21": 1,
    "22": 1,
    "23": 1,
    "24": 1,
    "25": 1,
    "26": 1,
    "27": 1,
    "28": 1,
    "29": 1,
    "30": 1,
    "31": 1,
    "32": 1,
    "33": 1,
    "34": 1,
    "35": 1,
    "36": 1,
    "37": 1,
    "38": 1,
    "39": 1,
    "40": 1,
    "41": 1,
    "42": 1,
    "43": 0
  },
  "causal_gaps": [
    {
      "id": 1,
      "event": "他帮她拉开门",
      "in_degree": 0,
      "reasoning": "节点 '他帮她拉开门' 入度为0（无前因事件指向它），但它是人物行为而非外部事件——可能是因果跳跃"
    },
    {
      "id": 4,
      "event": "他和店员小哥哥挥手",
      "in_degree": 0,
      "reasoning": "节点 '他和店员小哥哥挥手' 入度为0（无前因事件指向它），但它是人物行为而非外部事件——可能是因果跳跃"
    },
    {
      "id": 10,
      "event": "他翻菜单介绍",
      "in_degree": 0,
      "reasoning": "节点 '他翻菜单介绍' 入度为0（无前因事件指向它），但它是人物行为而非外部事件——可能是因果跳跃"
    }
  ],
  "avg_in_degree": 0.9302325581395349,
  "density": 0.0221483942414175
}